{
  "output_dir": "",
  "c": "config/DINO/DINO_4scale.py",
  "config_file": "config/DINO/DINO_4scale.py",
  "coco_path": "./COCODIR/",
  "options": {
    "dn_scalar": 100,
    "embed_init_tgt": true,
    "dn_label_coef": 1.0,
    "dn_bbox_coef": 1.0,
    "use_ema": false,
    "dn_box_noise_scale": 1.0
  },
  "dataset_file": "coco",
  "remove_difficult": true,
  "fix_size": true,
  "note": [
    ""
  ],
  "device": "cuda",
  "seed": 42,
  "resume": "",
  "start_epoch": 0,
  "eval": true,
  "num_workers": 10,
  "test": true,
  "debug": true,
  "find_unused_params": true,
  "save_results": true,
  "save_log": true,
  "world_size": 1,
  "dist_url": "env://",
  "rank": 0,
  "amp": true,
  "distributed": false,
  "local_rank": 0
}